,id,movie_id,company_id,company_type_id
id,0.9999999498733757,0.7608786485873112,0.6131143240290239,0.9999999999056248
movie_id,0.7587908746736886,0.9999999998021128,0.4079325305910671,0.7114484704458321
company_id,0.6099270662919765,0.4079544721035339,0.9999995805102023,0.6099504286454556
company_type_id,0.9999999998397983,0.7585274910572779,0.6099723174124866,0.99999929