,id ,movie_id,info_type_id
id,0.9999999997551261,0.22883054136882222,0.7612915879083852
movie_id,0.22806870563545303,0.9999985550842394,0.3020136736406378
info_type_id,0.7612328804016647,0.30200957718398297,0.9999999993763294