,id,movie_id,keyword_id
id,0.9999998310203184,0.9996076373135342,0.070983571
movie_id,0.9999088196205855,0.9999993453648256,0.070748553
keyword_id,0.071055728,0.070421536,0.9999999999718383