,id,person_id,movie_id,person_role_id,nr_order,role_id
id,0.9999973185776277,0.8408770088744618,0.030226753857300673,0.90984363,0.8793065556752644,0.9999930759251012
person_id,0.8391540419170187,0.9999967361421983,0.031553807,0.5466787537406149,0.5969468181119542,0.8160381523066499
movie_id,0.030962091,0.031848966,0.9999999992971234,0.16426105485976342,0.029011074544082485,0.031759837
person_role_id,0.9036661493911622,0.5649393444064376,0.12921593463428596,0.9999999997677145,0.8099854338186584,0.8309945631760203
nr_order,0.8793793912259248,0.5968424644946303,0.029024644799065927,0.8099248713961894,0.9999999998144531,0.8807235600971054
role_id,0.99999999,0.8401745562835773,0.030928065129704144,0.903851129,0.8831892071022951,0.9999998704855304